Tag ID,Code,Status,Type,Owner Name,Owner Email,Linked Card,Card Slug,Created At,Last Scanned
cmjvxx7og0001m9o8z8cjj1hm,,unclaimed,,"Beytullah Çiçek",test4@example.com,"Not Linked",N/A,2026-01-01,Never
cmjuqn5l900dvm9ko6p3h9ifm,,unclaimed,,"N/A",N/A,"Not Linked",N/A,2026-01-01,Never
cmjuqn5l400dum9kod8mr0dkj,,unclaimed,,"N/A",N/A,"Not Linked",N/A,2026-01-01,Never
cmjuqn5kz00dtm9konjyxrvgl,,unclaimed,,"N/A",N/A,"Not Linked",N/A,2026-01-01,Never
cmjuqn5kv00dsm9kobjp4648o,,unclaimed,,"N/A",N/A,"Not Linked",N/A,2026-01-01,Never
cmjuqn5kr00drm9koiqr5ul7i,,unclaimed,,"N/A",N/A,"Not Linked",N/A,2026-01-01,Never
cmjuqn5km00dqm9kogk50w6dc,,unclaimed,,"N/A",N/A,"Not Linked",N/A,2026-01-01,Never
cmjuqn5kh00dpm9kog3nuv6oi,,unclaimed,,"N/A",N/A,"Not Linked",N/A,2026-01-01,Never
cmjuqn5kd00dom9kocl8e015c,,unclaimed,,"N/A",N/A,"Not Linked",N/A,2026-01-01,Never
cmjuqn5k800dnm9ko270h3qp2,,unclaimed,,"N/A",N/A,"Not Linked",N/A,2026-01-01,Never
cmjuqn5k300dmm9koduxje8k7,,unclaimed,,"N/A",N/A,"Not Linked",N/A,2026-01-01,Never
cmjuqn5jy00dlm9ko1fa6achj,,unclaimed,,"N/A",N/A,"Not Linked",N/A,2026-01-01,Never
cmjuqn5ju00dkm9kolhz1nm61,,unclaimed,,"N/A",N/A,"Not Linked",N/A,2026-01-01,Never
cmjuqn5jq00djm9konj49c14q,,unclaimed,,"N/A",N/A,"Not Linked",N/A,2026-01-01,Never
cmjuqn5jm00dim9ko5w1pty6d,,unclaimed,,"N/A",N/A,"Not Linked",N/A,2026-01-01,Never
cmjuqn5ji00dhm9koedu9ki6f,,unclaimed,,"N/A",N/A,"Not Linked",N/A,2026-01-01,Never
cmjuqn5je00dgm9kookdih5dd,,unclaimed,,"N/A",N/A,"Not Linked",N/A,2026-01-01,Never
cmjuqn5j900dfm9kohy4nhxb1,,unclaimed,,"N/A",N/A,"Not Linked",N/A,2026-01-01,Never
cmjuqn5j500dem9kog811kxjz,,unclaimed,,"N/A",N/A,"Not Linked",N/A,2026-01-01,Never
cmjuqn5j000ddm9ko7ugso4n3,,unclaimed,,"N/A",N/A,"Not Linked",N/A,2026-01-01,Never
cmjuqn5iv00dcm9kogx9u9172,,unclaimed,,"N/A",N/A,"Not Linked",N/A,2026-01-01,Never
cmjuqn5iq00dbm9ko1b57c3wb,,unclaimed,,"N/A",N/A,"Not Linked",N/A,2026-01-01,Never
cmjuqn5ik00dam9ko6g7cazfb,,unclaimed,,"N/A",N/A,"Not Linked",N/A,2026-01-01,Never
cmjuqn5ie00d9m9koj4ugqyy8,,unclaimed,,"N/A",N/A,"Not Linked",N/A,2026-01-01,Never
cmjuqn5ia00d8m9koat6atz8a,,unclaimed,,"N/A",N/A,"Not Linked",N/A,2026-01-01,Never
cmjuqn5i500d7m9korltrko9r,,unclaimed,,"N/A",N/A,"Not Linked",N/A,2026-01-01,Never
cmjuqn5hy00d6m9ko73pivtij,,unclaimed,,"N/A",N/A,"Not Linked",N/A,2026-01-01,Never
cmjuqn5hu00d5m9kocsu1rjct,,unclaimed,,"N/A",N/A,"Not Linked",N/A,2026-01-01,Never
cmjuqn5hq00d4m9koxeb12lhw,,unclaimed,,"N/A",N/A,"Not Linked",N/A,2026-01-01,Never
cmjuqn5hm00d3m9kor9p7jka4,,unclaimed,,"N/A",N/A,"Not Linked",N/A,2026-01-01,Never
cmjuqn5hi00d2m9kogl5zk8k8,,unclaimed,,"N/A",N/A,"Not Linked",N/A,2026-01-01,Never
cmjuqn5he00d1m9koamtg52ce,,unclaimed,,"N/A",N/A,"Not Linked",N/A,2026-01-01,Never
cmjuqn5ha00d0m9kog6dgv1et,,unclaimed,,"N/A",N/A,"Not Linked",N/A,2026-01-01,Never
cmjuqn5h600czm9kopiifm107,,unclaimed,,"N/A",N/A,"Not Linked",N/A,2026-01-01,Never
cmjuqn5h300cym9ko8oaxh4dq,,unclaimed,,"N/A",N/A,"Not Linked",N/A,2026-01-01,Never
cmjuqn5gz00cxm9ko4ramxs92,,unclaimed,,"N/A",N/A,"Not Linked",N/A,2026-01-01,Never
cmjuqn5gv00cwm9kos19ehm8l,,unclaimed,,"N/A",N/A,"Not Linked",N/A,2026-01-01,Never
cmjuqn5gr00cvm9ko17mzwerv,,unclaimed,,"N/A",N/A,"Not Linked",N/A,2026-01-01,Never
cmjuqn5gn00cum9koa4er3xj3,,unclaimed,,"N/A",N/A,"Not Linked",N/A,2026-01-01,Never
cmjuqn5gj00ctm9ko7a3m9df6,,unclaimed,,"N/A",N/A,"Not Linked",N/A,2026-01-01,Never
cmjuqn5gf00csm9kogzmkknfo,,unclaimed,,"N/A",N/A,"Not Linked",N/A,2026-01-01,Never
cmjuqn5gb00crm9koa508rs1o,,unclaimed,,"N/A",N/A,"Not Linked",N/A,2026-01-01,Never
cmjuqn5g700cqm9koir29ljrq,,unclaimed,,"N/A",N/A,"Not Linked",N/A,2026-01-01,Never
cmjuqn5g300cpm9ko3cpd5akt,,unclaimed,,"N/A",N/A,"Not Linked",N/A,2026-01-01,Never
cmjuqn5fz00com9ko19npn0ps,,unclaimed,,"N/A",N/A,"Not Linked",N/A,2026-01-01,Never
cmjuqn5fv00cnm9ko7zc72zls,,unclaimed,,"N/A",N/A,"Not Linked",N/A,2026-01-01,Never
cmjuqn5fs00cmm9ko55pmfl5t,,unclaimed,,"N/A",N/A,"Not Linked",N/A,2026-01-01,Never
cmjuqn5fo00clm9ko4vsiis5t,,unclaimed,,"N/A",N/A,"Not Linked",N/A,2026-01-01,Never
cmjuqn5fk00ckm9koerc5tn2j,,unclaimed,,"N/A",N/A,"Not Linked",N/A,2026-01-01,Never
cmjuqn5ff00cjm9kofpxcm28s,,unclaimed,,"N/A",N/A,"Not Linked",N/A,2026-01-01,Never
cmjuqn5fa00cim9ko3cu8h571,,unclaimed,,"N/A",N/A,"Not Linked",N/A,2026-01-01,Never
cmjuqn5f500chm9kok6rd5s01,,unclaimed,,"N/A",N/A,"Not Linked",N/A,2026-01-01,Never
cmjuqn5f000cgm9koqgsyi69p,,unclaimed,,"N/A",N/A,"Not Linked",N/A,2026-01-01,Never
cmjuqn5ev00cfm9ko19e5sar9,,unclaimed,,"N/A",N/A,"Not Linked",N/A,2026-01-01,Never
cmjuqn5eq00cem9koezyicpu5,,unclaimed,,"N/A",N/A,"Not Linked",N/A,2026-01-01,Never
cmjuqn5en00cdm9kolc3m6s5x,,unclaimed,,"N/A",N/A,"Not Linked",N/A,2026-01-01,Never
cmjuqn5ej00ccm9ko1smk7fx7,,unclaimed,,"N/A",N/A,"Not Linked",N/A,2026-01-01,Never
cmjuqn5ed00cbm9kozxvpvn4i,,unclaimed,,"N/A",N/A,"Not Linked",N/A,2026-01-01,Never
cmjuqn5e900cam9koo4zqqf62,,unclaimed,,"N/A",N/A,"Not Linked",N/A,2026-01-01,Never
cmjuqn5e400c9m9kod3tkq1lq,,unclaimed,,"N/A",N/A,"Not Linked",N/A,2026-01-01,Never
cmjuqn5e000c8m9koz7kelxb8,,unclaimed,,"N/A",N/A,"Not Linked",N/A,2026-01-01,Never
cmjuqn5dw00c7m9ko26d4wwje,,unclaimed,,"N/A",N/A,"Not Linked",N/A,2026-01-01,Never
cmjuqn5ds00c6m9kozg7pzbjx,,unclaimed,,"N/A",N/A,"Not Linked",N/A,2026-01-01,Never
cmjuqn5do00c5m9kocry4bmet,,unclaimed,,"N/A",N/A,"Not Linked",N/A,2026-01-01,Never
cmjuqn5dk00c4m9ko2khey2xs,,unclaimed,,"N/A",N/A,"Not Linked",N/A,2026-01-01,Never
cmjuqn5dg00c3m9kolh5ldgtx,,unclaimed,,"N/A",N/A,"Not Linked",N/A,2026-01-01,Never
cmjuqn5dc00c2m9koyzszgkik,,unclaimed,,"N/A",N/A,"Not Linked",N/A,2026-01-01,Never
cmjuqn5d800c1m9kolaohgc64,,unclaimed,,"N/A",N/A,"Not Linked",N/A,2026-01-01,Never
cmjuqn5d300c0m9koggr7irm8,,unclaimed,,"N/A",N/A,"Not Linked",N/A,2026-01-01,Never
cmjuqn5cz00bzm9kohxy6jzwh,,unclaimed,,"N/A",N/A,"Not Linked",N/A,2026-01-01,Never
cmjuqn5cv00bym9ko2ooteda2,,unclaimed,,"N/A",N/A,"Not Linked",N/A,2026-01-01,Never
cmjuqn5cr00bxm9kotvdykyat,,unclaimed,,"N/A",N/A,"Not Linked",N/A,2026-01-01,Never
cmjuqn5co00bwm9koop0tqzib,,unclaimed,,"N/A",N/A,"Not Linked",N/A,2026-01-01,Never
cmjuqn5ck00bvm9koj6hs52ec,,unclaimed,,"N/A",N/A,"Not Linked",N/A,2026-01-01,Never
cmjuqn5cg00bum9koz2zpt7hs,,unclaimed,,"N/A",N/A,"Not Linked",N/A,2026-01-01,Never
cmjuqn5cc00btm9ko642w1zgt,,unclaimed,,"N/A",N/A,"Not Linked",N/A,2026-01-01,Never
cmjuqn5c800bsm9ko955tnn60,,unclaimed,,"N/A",N/A,"Not Linked",N/A,2026-01-01,Never
cmjuqn5c400brm9kofygi5rpu,,unclaimed,,"N/A",N/A,"Not Linked",N/A,2026-01-01,Never
cmjuqn5c000bqm9kom3onzq3d,,unclaimed,,"N/A",N/A,"Not Linked",N/A,2026-01-01,Never
cmjuqn5bw00bpm9kou7rzus58,,unclaimed,,"N/A",N/A,"Not Linked",N/A,2026-01-01,Never
cmjuqn5bs00bom9ko0j69w0vl,,unclaimed,,"N/A",N/A,"Not Linked",N/A,2026-01-01,Never
cmjuqn5bn00bnm9kot26s1l0v,,unclaimed,,"N/A",N/A,"Not Linked",N/A,2026-01-01,Never
cmjuqn5bj00bmm9koatn54hq8,,unclaimed,,"N/A",N/A,"Not Linked",N/A,2026-01-01,Never
cmjuqn5bf00blm9koou9wvemm,,unclaimed,,"N/A",N/A,"Not Linked",N/A,2026-01-01,Never
cmjuqn5bb00bkm9ko4olj5kbe,,unclaimed,,"N/A",N/A,"Not Linked",N/A,2026-01-01,Never
cmjuqn5b600bjm9kosqc4p9dt,,unclaimed,,"N/A",N/A,"Not Linked",N/A,2026-01-01,Never
cmjuqn5b300bim9ko16srpp8r,,unclaimed,,"N/A",N/A,"Not Linked",N/A,2026-01-01,Never
cmjuqn5az00bhm9koo94kaa7t,,unclaimed,,"N/A",N/A,"Not Linked",N/A,2026-01-01,Never
cmjuqn5av00bgm9koyi8chxsa,,unclaimed,,"N/A",N/A,"Not Linked",N/A,2026-01-01,Never
cmjuqn5ar00bfm9kokksufudv,,unclaimed,,"N/A",N/A,"Not Linked",N/A,2026-01-01,Never
cmjuqn5an00bem9ko4uwlttdg,,unclaimed,,"N/A",N/A,"Not Linked",N/A,2026-01-01,Never
cmjuqn5aj00bdm9kojvonksvt,,unclaimed,,"N/A",N/A,"Not Linked",N/A,2026-01-01,Never
cmjuqn5af00bcm9kol7d7yqrm,,unclaimed,,"N/A",N/A,"Not Linked",N/A,2026-01-01,Never
cmjuqn5ac00bbm9kocy1gkfb2,,unclaimed,,"N/A",N/A,"Not Linked",N/A,2026-01-01,Never
cmjuqn5a800bam9koqdhbjg54,,unclaimed,,"N/A",N/A,"Not Linked",N/A,2026-01-01,Never
cmjuqn5a400b9m9kounaufwzx,,unclaimed,,"N/A",N/A,"Not Linked",N/A,2026-01-01,Never
cmjuqn5a000b8m9kor0js2dl2,,unclaimed,,"N/A",N/A,"Not Linked",N/A,2026-01-01,Never
cmjuqn59v00b7m9ko9r275e6s,,unclaimed,,"N/A",N/A,"Not Linked",N/A,2026-01-01,Never
cmjuqn59q00b6m9kozwq14a5n,,unclaimed,,"N/A",N/A,"Not Linked",N/A,2026-01-01,Never
cmjuqn59m00b5m9kohhik7869,,unclaimed,,"N/A",N/A,"Not Linked",N/A,2026-01-01,Never
cmjuqn59i00b4m9kozvb7k28q,,unclaimed,,"N/A",N/A,"Not Linked",N/A,2026-01-01,Never
cmjuqn59f00b3m9koyyiu6lrb,,unclaimed,,"N/A",N/A,"Not Linked",N/A,2026-01-01,Never
cmjuqn59b00b2m9ko6rfr6kbf,,unclaimed,,"N/A",N/A,"Not Linked",N/A,2026-01-01,Never
cmjuqn59700b1m9ko232dxiqz,,unclaimed,,"N/A",N/A,"Not Linked",N/A,2026-01-01,Never
cmjuqn59300b0m9ko83lrzgor,,unclaimed,,"N/A",N/A,"Not Linked",N/A,2026-01-01,Never
cmjuqn58y00azm9kobu90l5sh,,unclaimed,,"N/A",N/A,"Not Linked",N/A,2026-01-01,Never
cmjuqn58t00aym9kokjnx0kc4,,unclaimed,,"N/A",N/A,"Not Linked",N/A,2026-01-01,Never
cmjuqn58p00axm9ko4vkg7l5n,,unclaimed,,"N/A",N/A,"Not Linked",N/A,2026-01-01,Never
cmjuqn58k00awm9koa6mw5eu2,,unclaimed,,"N/A",N/A,"Not Linked",N/A,2026-01-01,Never
cmjuqn58g00avm9koved6ro36,,unclaimed,,"N/A",N/A,"Not Linked",N/A,2026-01-01,Never
cmjuqn58c00aum9kovgpcv6i1,,unclaimed,,"N/A",N/A,"Not Linked",N/A,2026-01-01,Never
cmjuqn58800atm9ko0dx6pohl,,unclaimed,,"N/A",N/A,"Not Linked",N/A,2026-01-01,Never
cmjuqn58400asm9kog1xxh2ox,,unclaimed,,"N/A",N/A,"Not Linked",N/A,2026-01-01,Never
cmjuqn58000arm9kob5eb78yu,,unclaimed,,"N/A",N/A,"Not Linked",N/A,2026-01-01,Never
cmjuqn57w00aqm9ko0ix4cjuq,,unclaimed,,"N/A",N/A,"Not Linked",N/A,2026-01-01,Never
cmjuqn57s00apm9konh282wcv,,unclaimed,,"N/A",N/A,"Not Linked",N/A,2026-01-01,Never
cmjuqn57m00aom9kou9krqtzc,,unclaimed,,"N/A",N/A,"Not Linked",N/A,2026-01-01,Never
cmjuqn57h00anm9kob1as129l,,unclaimed,,"N/A",N/A,"Not Linked",N/A,2026-01-01,Never
cmjuqn57d00amm9koddw2vq1v,,unclaimed,,"N/A",N/A,"Not Linked",N/A,2026-01-01,Never
cmjuqn57900alm9kohm3h8m48,,unclaimed,,"N/A",N/A,"Not Linked",N/A,2026-01-01,Never
cmjuqn57500akm9ko4bfv4thi,,unclaimed,,"N/A",N/A,"Not Linked",N/A,2026-01-01,Never
cmjuqn57100ajm9koj5o8p2p6,,unclaimed,,"N/A",N/A,"Not Linked",N/A,2026-01-01,Never
cmjuqn56x00aim9ko8giglvc0,,unclaimed,,"N/A",N/A,"Not Linked",N/A,2026-01-01,Never
cmjuqn56t00ahm9ko02fv7gg7,,unclaimed,,"N/A",N/A,"Not Linked",N/A,2026-01-01,Never
cmjuqn56o00agm9kouzpiy2b8,,unclaimed,,"N/A",N/A,"Not Linked",N/A,2026-01-01,Never
cmjuqn56k00afm9kolel8969p,,unclaimed,,"N/A",N/A,"Not Linked",N/A,2026-01-01,Never
cmjuqn56f00aem9ko3a1mgz6f,,unclaimed,,"N/A",N/A,"Not Linked",N/A,2026-01-01,Never
cmjuqn56a00adm9kod1q5sirg,,unclaimed,,"N/A",N/A,"Not Linked",N/A,2026-01-01,Never
cmjuqn56600acm9ko821kdg8i,,unclaimed,,"N/A",N/A,"Not Linked",N/A,2026-01-01,Never
cmjuqn56200abm9ko8nxigu3g,,unclaimed,,"N/A",N/A,"Not Linked",N/A,2026-01-01,Never
cmjuqn55y00aam9koi8llhr6x,,unclaimed,,"N/A",N/A,"Not Linked",N/A,2026-01-01,Never
cmjuqn55t00a9m9kohmak7wx3,,unclaimed,,"N/A",N/A,"Not Linked",N/A,2026-01-01,Never
cmjuqn55p00a8m9kods1e2aa0,,unclaimed,,"N/A",N/A,"Not Linked",N/A,2026-01-01,Never
cmjuqn55l00a7m9ko9p0h0qzc,,unclaimed,,"N/A",N/A,"Not Linked",N/A,2026-01-01,Never
cmjuqn55g00a6m9koh6aps8wr,,unclaimed,,"N/A",N/A,"Not Linked",N/A,2026-01-01,Never
cmjuqn55c00a5m9ko3wxs4ush,,unclaimed,,"N/A",N/A,"Not Linked",N/A,2026-01-01,Never
cmjuqn55700a4m9kospsi44zn,,unclaimed,,"N/A",N/A,"Not Linked",N/A,2026-01-01,Never
cmjuqn55300a3m9kogsnyylzg,,unclaimed,,"N/A",N/A,"Not Linked",N/A,2026-01-01,Never
cmjuqn54y00a2m9koy18yhmnu,,unclaimed,,"N/A",N/A,"Not Linked",N/A,2026-01-01,Never
cmjuqn54u00a1m9kou66b896p,,unclaimed,,"N/A",N/A,"Not Linked",N/A,2026-01-01,Never
cmjuqn54q00a0m9koblmzrnpo,,unclaimed,,"N/A",N/A,"Not Linked",N/A,2026-01-01,Never
cmjuqn54m009zm9kokoh7j3dv,,unclaimed,,"N/A",N/A,"Not Linked",N/A,2026-01-01,Never
cmjuqn54h009ym9kow7u1z6hq,,unclaimed,,"N/A",N/A,"Not Linked",N/A,2026-01-01,Never
cmjuqn54d009xm9kozsss22rf,,unclaimed,,"N/A",N/A,"Not Linked",N/A,2026-01-01,Never
cmjuqn54a009wm9koeypv2mc8,,unclaimed,,"N/A",N/A,"Not Linked",N/A,2026-01-01,Never
cmjuqn545009vm9kovtmz4dpo,,unclaimed,,"N/A",N/A,"Not Linked",N/A,2026-01-01,Never
cmjuqn541009um9konck4g0cr,,unclaimed,,"N/A",N/A,"Not Linked",N/A,2026-01-01,Never
cmjuqn53x009tm9komfyjkkew,,unclaimed,,"N/A",N/A,"Not Linked",N/A,2026-01-01,Never
cmjuqn53t009sm9kokgj6n0w2,,unclaimed,,"N/A",N/A,"Not Linked",N/A,2026-01-01,Never
cmjuqn53o009rm9ko8shs228o,,unclaimed,,"N/A",N/A,"Not Linked",N/A,2026-01-01,Never
cmjuqn53j009qm9kovais9twm,,unclaimed,,"N/A",N/A,"Not Linked",N/A,2026-01-01,Never
cmjuqn53f009pm9ko9e366q7t,,unclaimed,,"N/A",N/A,"Not Linked",N/A,2026-01-01,Never
cmjuqn53a009om9ko19zpbfhj,,unclaimed,,"N/A",N/A,"Not Linked",N/A,2026-01-01,Never
cmjuqn535009nm9kovcogv79t,,unclaimed,,"N/A",N/A,"Not Linked",N/A,2026-01-01,Never
cmjuqn531009mm9kozsdq3p4c,,unclaimed,,"N/A",N/A,"Not Linked",N/A,2026-01-01,Never
cmjuqn52x009lm9koamoys6t6,,unclaimed,,"N/A",N/A,"Not Linked",N/A,2026-01-01,Never
cmjuqn52s009km9kopi2tqrzb,,unclaimed,,"N/A",N/A,"Not Linked",N/A,2026-01-01,Never
cmjuqn52n009jm9ko66vucuyq,,unclaimed,,"N/A",N/A,"Not Linked",N/A,2026-01-01,Never
cmjuqn52j009im9kokggwllm5,,unclaimed,,"N/A",N/A,"Not Linked",N/A,2026-01-01,Never
cmjuqn52f009hm9ko94maii8q,,unclaimed,,"N/A",N/A,"Not Linked",N/A,2026-01-01,Never
cmjuqn52b009gm9ko06of7v0c,,unclaimed,,"N/A",N/A,"Not Linked",N/A,2026-01-01,Never
cmjuqn527009fm9ko46lxsqkn,,unclaimed,,"N/A",N/A,"Not Linked",N/A,2026-01-01,Never
cmjuqn522009em9ko7n3wrh3z,,unclaimed,,"N/A",N/A,"Not Linked",N/A,2026-01-01,Never
cmjuqn51w009dm9kog1typ5e0,,unclaimed,,"N/A",N/A,"Not Linked",N/A,2026-01-01,Never
cmjuqn51r009cm9kotvnny8tc,,unclaimed,,"N/A",N/A,"Not Linked",N/A,2026-01-01,Never
cmjuqn51l009bm9ko7yd2x4sf,,unclaimed,,"N/A",N/A,"Not Linked",N/A,2026-01-01,Never
cmjuqn51f009am9kockcbpamc,,unclaimed,,"N/A",N/A,"Not Linked",N/A,2026-01-01,Never
cmjuqn5190099m9kow919ps0i,,unclaimed,,"N/A",N/A,"Not Linked",N/A,2026-01-01,Never
cmjuqn5130098m9kog3mwcutx,,unclaimed,,"N/A",N/A,"Not Linked",N/A,2026-01-01,Never
cmjuqn50w0097m9koswq5cky8,,unclaimed,,"N/A",N/A,"Not Linked",N/A,2026-01-01,Never
cmjuqn50p0096m9ko6rwp2gci,,unclaimed,,"N/A",N/A,"Not Linked",N/A,2026-01-01,Never
cmjuqn50l0095m9ko1e7dwh95,,unclaimed,,"N/A",N/A,"Not Linked",N/A,2026-01-01,Never
cmjuqn50h0094m9ko6lp2z53p,,unclaimed,,"N/A",N/A,"Not Linked",N/A,2026-01-01,Never
cmjuqn50d0093m9koc7150z3t,,unclaimed,,"N/A",N/A,"Not Linked",N/A,2026-01-01,Never
cmjuqn5090092m9kogmi1o86t,,unclaimed,,"N/A",N/A,"Not Linked",N/A,2026-01-01,Never
cmjuqn5060091m9korbx96cy6,,unclaimed,,"N/A",N/A,"Not Linked",N/A,2026-01-01,Never
cmjuqn5010090m9koe4nv50xc,,unclaimed,,"N/A",N/A,"Not Linked",N/A,2026-01-01,Never
cmjuqn4zw008zm9kol1bzwsj4,,unclaimed,,"N/A",N/A,"Not Linked",N/A,2026-01-01,Never
cmjuqn4zr008ym9ko0m1p4cm6,,unclaimed,,"N/A",N/A,"Not Linked",N/A,2026-01-01,Never
cmjuqn4zm008xm9kovxenqnj1,,unclaimed,,"N/A",N/A,"Not Linked",N/A,2026-01-01,Never
cmjuqn4zh008wm9koqmaks520,,unclaimed,,"N/A",N/A,"Not Linked",N/A,2026-01-01,Never
cmjuqn4zc008vm9kor6166j1i,,unclaimed,,"N/A",N/A,"Not Linked",N/A,2026-01-01,Never
cmjuqn4z9008um9kospp0yq0m,,unclaimed,,"N/A",N/A,"Not Linked",N/A,2026-01-01,Never
cmjuqn4z4008tm9kopgpbxhut,,unclaimed,,"N/A",N/A,"Not Linked",N/A,2026-01-01,Never
cmjuqn4z0008sm9kok70hhhm5,,unclaimed,,"N/A",N/A,"Not Linked",N/A,2026-01-01,Never
cmjuqn4yw008rm9koqpgkiuai,,unclaimed,,"N/A",N/A,"Not Linked",N/A,2026-01-01,Never
cmjuqn4ys008qm9kotrlnnv3b,,unclaimed,,"N/A",N/A,"Not Linked",N/A,2026-01-01,Never
cmjuqn4yo008pm9koy3u4crgb,,unclaimed,,"N/A",N/A,"Not Linked",N/A,2026-01-01,Never
cmjuqn4yj008om9kolarfsntw,,unclaimed,,"N/A",N/A,"Not Linked",N/A,2026-01-01,Never
cmjuqn4xm008nm9kozjsntm5o,,unclaimed,,"N/A",N/A,"Not Linked",N/A,2026-01-01,Never
cmjuqn4xi008mm9ko8hrddh7q,,unclaimed,,"N/A",N/A,"Not Linked",N/A,2026-01-01,Never
cmjuqn4xe008lm9ko85y6wdkc,,unclaimed,,"N/A",N/A,"Not Linked",N/A,2026-01-01,Never
cmjuqn4xa008km9kow1e0ts1j,,unclaimed,,"N/A",N/A,"Not Linked",N/A,2026-01-01,Never
cmjuqn4x6008jm9ko46q1vav0,,unclaimed,,"N/A",N/A,"Not Linked",N/A,2026-01-01,Never
cmjuqn4x3008im9ko1r6xqhw7,,unclaimed,,"N/A",N/A,"Not Linked",N/A,2026-01-01,Never
cmjuqn4wz008hm9koy9b0atpf,,unclaimed,,"N/A",N/A,"Not Linked",N/A,2026-01-01,Never
cmjuqn4wv008gm9kocc23wnk2,,unclaimed,,"N/A",N/A,"Not Linked",N/A,2026-01-01,Never
cmjuqn4wr008fm9konqx6nyy4,,unclaimed,,"N/A",N/A,"Not Linked",N/A,2026-01-01,Never
cmjuqn4wm008em9kolkuq7dz2,,unclaimed,,"N/A",N/A,"Not Linked",N/A,2026-01-01,Never
cmjuqn4wi008dm9kowuluurjm,,unclaimed,,"N/A",N/A,"Not Linked",N/A,2026-01-01,Never
cmjuqn4wd008cm9koykvgq5x7,,unclaimed,,"N/A",N/A,"Not Linked",N/A,2026-01-01,Never
cmjuqn4w9008bm9koiblabwfl,,unclaimed,,"N/A",N/A,"Not Linked",N/A,2026-01-01,Never
cmjuqn4w4008am9kor3b7tqvh,,unclaimed,,"N/A",N/A,"Not Linked",N/A,2026-01-01,Never
cmjuqn4vz0089m9kospw68t7y,,unclaimed,,"N/A",N/A,"Not Linked",N/A,2026-01-01,Never
cmjuqn4vv0088m9kowd047wo7,,unclaimed,,"N/A",N/A,"Not Linked",N/A,2026-01-01,Never
cmjuqn4vr0087m9ko3a3znkc7,,unclaimed,,"N/A",N/A,"Not Linked",N/A,2026-01-01,Never
cmjuqn4vn0086m9kofwk324pt,,unclaimed,,"N/A",N/A,"Not Linked",N/A,2026-01-01,Never
cmjuqn4vk0085m9komkqq7kvz,,unclaimed,,"N/A",N/A,"Not Linked",N/A,2026-01-01,Never
cmjuqn4vg0084m9kombvtfcm8,,unclaimed,,"N/A",N/A,"Not Linked",N/A,2026-01-01,Never
cmjuqn4vc0083m9kodlt1uk17,,unclaimed,,"N/A",N/A,"Not Linked",N/A,2026-01-01,Never
cmjuqn4v80082m9kopmxrrxy2,,unclaimed,,"N/A",N/A,"Not Linked",N/A,2026-01-01,Never
cmjuqn4v30081m9kox9ubscj7,,unclaimed,,"N/A",N/A,"Not Linked",N/A,2026-01-01,Never
cmjuqn4ux0080m9kogff0olkn,,unclaimed,,"N/A",N/A,"Not Linked",N/A,2026-01-01,Never
cmjuqn4ut007zm9kohmhvucvw,,unclaimed,,"N/A",N/A,"Not Linked",N/A,2026-01-01,Never
cmjuqn4up007ym9koyo2z31vj,,unclaimed,,"N/A",N/A,"Not Linked",N/A,2026-01-01,Never
cmjuqn4uk007xm9ko0gs5co0u,,unclaimed,,"N/A",N/A,"Not Linked",N/A,2026-01-01,Never
cmjuqn4ug007wm9koi9rafpka,,unclaimed,,"N/A",N/A,"Not Linked",N/A,2026-01-01,Never
cmjuqn4uc007vm9kowf2lt23p,,unclaimed,,"N/A",N/A,"Not Linked",N/A,2026-01-01,Never
cmjuqn4u8007um9koja8q9v4a,,unclaimed,,"N/A",N/A,"Not Linked",N/A,2026-01-01,Never
cmjuqn4u3007tm9ko3cz9ey6l,,unclaimed,,"N/A",N/A,"Not Linked",N/A,2026-01-01,Never
cmjuqn4tz007sm9komwoc5rc1,,unclaimed,,"N/A",N/A,"Not Linked",N/A,2026-01-01,Never
cmjuqn4tu007rm9ko9khebu1o,,unclaimed,,"N/A",N/A,"Not Linked",N/A,2026-01-01,Never
cmjuqn4tq007qm9kodmkksaeh,,unclaimed,,"N/A",N/A,"Not Linked",N/A,2026-01-01,Never
cmjuqn4tl007pm9kojpl9ss5e,,unclaimed,,"N/A",N/A,"Not Linked",N/A,2026-01-01,Never
cmjuqn4th007om9koj6rfnku5,,unclaimed,,"N/A",N/A,"Not Linked",N/A,2026-01-01,Never
cmjuqn4td007nm9ko8d0jvmdf,,unclaimed,,"N/A",N/A,"Not Linked",N/A,2026-01-01,Never
cmjuqn4t9007mm9ko8u2aep5n,,unclaimed,,"N/A",N/A,"Not Linked",N/A,2026-01-01,Never
cmjuqn4t6007lm9koqm4xpfg0,,unclaimed,,"N/A",N/A,"Not Linked",N/A,2026-01-01,Never
cmjuqn4t2007km9ko70964sve,,unclaimed,,"N/A",N/A,"Not Linked",N/A,2026-01-01,Never
cmjuqn4sy007jm9kouqqf689a,,unclaimed,,"N/A",N/A,"Not Linked",N/A,2026-01-01,Never
cmjuqn4su007im9kowv63nwyq,,unclaimed,,"N/A",N/A,"Not Linked",N/A,2026-01-01,Never
cmjuqn4sp007hm9ko7x77oj4o,,unclaimed,,"N/A",N/A,"Not Linked",N/A,2026-01-01,Never
cmjuqn4sk007gm9ko3kaa9g75,,unclaimed,,"N/A",N/A,"Not Linked",N/A,2026-01-01,Never
cmjuqn4sg007fm9koqz0nfq8k,,unclaimed,,"N/A",N/A,"Not Linked",N/A,2026-01-01,Never
cmjuqn4sc007em9ko8qabu2py,,unclaimed,,"N/A",N/A,"Not Linked",N/A,2026-01-01,Never
cmjuqn4s8007dm9koz7i4dyki,,unclaimed,,"N/A",N/A,"Not Linked",N/A,2026-01-01,Never
cmjuqn4s3007cm9kops3s93qq,,unclaimed,,"N/A",N/A,"Not Linked",N/A,2026-01-01,Never
cmjuqn4rz007bm9ko1hwi7zvq,,unclaimed,,"N/A",N/A,"Not Linked",N/A,2026-01-01,Never
cmjuqn4rw007am9kowa2bln8y,,unclaimed,,"N/A",N/A,"Not Linked",N/A,2026-01-01,Never
cmjuqn4rq0079m9kohdmd7d2c,,unclaimed,,"N/A",N/A,"Not Linked",N/A,2026-01-01,Never
cmjuqn4rl0078m9ko2rgf5cq0,,unclaimed,,"N/A",N/A,"Not Linked",N/A,2026-01-01,Never
cmjuqn4rh0077m9kozf01ih69,,unclaimed,,"N/A",N/A,"Not Linked",N/A,2026-01-01,Never
cmjuqn4rd0076m9koeyhdvosk,,unclaimed,,"N/A",N/A,"Not Linked",N/A,2026-01-01,Never
cmjuqn4r70075m9ko81vktzbn,,unclaimed,,"N/A",N/A,"Not Linked",N/A,2026-01-01,Never
cmjuqn4r30074m9ko0rompg0n,,unclaimed,,"N/A",N/A,"Not Linked",N/A,2026-01-01,Never
cmjuqn4qz0073m9ko1zbcgjk7,,unclaimed,,"N/A",N/A,"Not Linked",N/A,2026-01-01,Never
cmjuqn4qu0072m9kof0rmqq9k,,unclaimed,,"N/A",N/A,"Not Linked",N/A,2026-01-01,Never
cmjuqn4qq0071m9kobuqea4o3,,unclaimed,,"N/A",N/A,"Not Linked",N/A,2026-01-01,Never
cmjuqn4ql0070m9koj52ug7bw,,unclaimed,,"N/A",N/A,"Not Linked",N/A,2026-01-01,Never
cmjuqn4qh006zm9koiknifer1,,unclaimed,,"N/A",N/A,"Not Linked",N/A,2026-01-01,Never
cmjuqn4qc006ym9koef5rqxz7,,unclaimed,,"N/A",N/A,"Not Linked",N/A,2026-01-01,Never
cmjuqn4q6006xm9ko7kl9dlxq,,unclaimed,,"N/A",N/A,"Not Linked",N/A,2026-01-01,Never
cmjuqn4q2006wm9koxspq0bbp,,unclaimed,,"N/A",N/A,"Not Linked",N/A,2026-01-01,Never
cmjuqn4py006vm9koi9u5ppkg,,unclaimed,,"N/A",N/A,"Not Linked",N/A,2026-01-01,Never
cmjuqn4pt006um9kostf5sgzx,,unclaimed,,"N/A",N/A,"Not Linked",N/A,2026-01-01,Never
cmjuqn4pp006tm9ko634o5q33,,unclaimed,,"N/A",N/A,"Not Linked",N/A,2026-01-01,Never
cmjuqn4pl006sm9koai3wtdaz,,unclaimed,,"N/A",N/A,"Not Linked",N/A,2026-01-01,Never
cmjuqn4ph006rm9kosoe5b122,,unclaimed,,"N/A",N/A,"Not Linked",N/A,2026-01-01,Never
cmjuqn4pd006qm9ko2iuoa3fl,,unclaimed,,"N/A",N/A,"Not Linked",N/A,2026-01-01,Never
cmjuqn4p7006pm9kovdasqk9w,,unclaimed,,"N/A",N/A,"Not Linked",N/A,2026-01-01,Never
cmjuqn4p1006om9koqifg2av0,,unclaimed,,"N/A",N/A,"Not Linked",N/A,2026-01-01,Never
cmjuqn4nq006nm9ko971z3t5h,,unclaimed,,"N/A",N/A,"Not Linked",N/A,2026-01-01,Never
cmjuqn4nl006mm9kobklc42rr,,unclaimed,,"N/A",N/A,"Not Linked",N/A,2026-01-01,Never
cmjuqn4nh006lm9kodhwshg4t,,unclaimed,,"N/A",N/A,"Not Linked",N/A,2026-01-01,Never
cmjuqn4nb006km9kobiopse15,,unclaimed,,"N/A",N/A,"Not Linked",N/A,2026-01-01,Never
cmjuqn4n6006jm9ko6tu9mhls,,unclaimed,,"N/A",N/A,"Not Linked",N/A,2026-01-01,Never
cmjuqn4n1006im9kocbxobz6g,,unclaimed,,"N/A",N/A,"Not Linked",N/A,2026-01-01,Never
cmjuqn4my006hm9koekv7l792,,unclaimed,,"N/A",N/A,"Not Linked",N/A,2026-01-01,Never
cmjuqn4mq006gm9koet790obb,,unclaimed,,"N/A",N/A,"Not Linked",N/A,2026-01-01,Never
cmjuqn4mj006fm9koh3jq5qor,,unclaimed,,"N/A",N/A,"Not Linked",N/A,2026-01-01,Never
cmjuqn4md006em9ko3ukrc5lt,,unclaimed,,"N/A",N/A,"Not Linked",N/A,2026-01-01,Never
cmjuqn4m9006dm9ko4kflcqqm,,unclaimed,,"N/A",N/A,"Not Linked",N/A,2026-01-01,Never
cmjuqn4m1006cm9koz9azxcaa,,unclaimed,,"N/A",N/A,"Not Linked",N/A,2026-01-01,Never
cmjuqn4lv006bm9ko3tflimxb,,unclaimed,,"N/A",N/A,"Not Linked",N/A,2026-01-01,Never
cmjuqn4lr006am9koy8o939tg,,unclaimed,,"N/A",N/A,"Not Linked",N/A,2026-01-01,Never
cmjuqn4lk0069m9komr46w9s1,,unclaimed,,"N/A",N/A,"Not Linked",N/A,2026-01-01,Never
cmjuqn4lf0068m9kodwaxqhvi,,unclaimed,,"N/A",N/A,"Not Linked",N/A,2026-01-01,Never
cmjuqn4lb0067m9koqj0ptuo7,,unclaimed,,"N/A",N/A,"Not Linked",N/A,2026-01-01,Never
cmjuqn4l40066m9ko0at4kj1h,,unclaimed,,"N/A",N/A,"Not Linked",N/A,2026-01-01,Never
cmjuqn4kz0065m9koo79ttyww,,unclaimed,,"N/A",N/A,"Not Linked",N/A,2026-01-01,Never
cmjuqn4ku0064m9kojwarbvu4,,unclaimed,,"N/A",N/A,"Not Linked",N/A,2026-01-01,Never
cmjuqn4ko0063m9kop0ikc99p,,unclaimed,,"N/A",N/A,"Not Linked",N/A,2026-01-01,Never
cmjuqn4kl0062m9kopaqt6nl5,,unclaimed,,"N/A",N/A,"Not Linked",N/A,2026-01-01,Never
cmjuqn4kg0061m9kofczk68pj,,unclaimed,,"N/A",N/A,"Not Linked",N/A,2026-01-01,Never
cmjuqn4kd0060m9kowb2h8xde,,unclaimed,,"N/A",N/A,"Not Linked",N/A,2026-01-01,Never
cmjuqn4k9005zm9koh3jxbova,,unclaimed,,"N/A",N/A,"Not Linked",N/A,2026-01-01,Never
cmjuqn4k5005ym9ko18swr0b1,,unclaimed,,"N/A",N/A,"Not Linked",N/A,2026-01-01,Never
cmjuqn4k0005xm9ko2300unni,,unclaimed,,"N/A",N/A,"Not Linked",N/A,2026-01-01,Never
cmjuqn4jw005wm9ko8kidayfi,,unclaimed,,"N/A",N/A,"Not Linked",N/A,2026-01-01,Never
cmjuqn4jt005vm9koovjv2drg,,unclaimed,,"N/A",N/A,"Not Linked",N/A,2026-01-01,Never
cmjuqn4jo005um9ko5excd0ge,,unclaimed,,"N/A",N/A,"Not Linked",N/A,2026-01-01,Never
cmjuqn4jk005tm9koc22f7cjr,,unclaimed,,"N/A",N/A,"Not Linked",N/A,2026-01-01,Never
cmjuqn4jg005sm9ko72yav6bf,,unclaimed,,"N/A",N/A,"Not Linked",N/A,2026-01-01,Never
cmjuqn4jb005rm9kor9tsfe0t,,unclaimed,,"N/A",N/A,"Not Linked",N/A,2026-01-01,Never
cmjuqn4j8005qm9ko7eoby69p,,unclaimed,,"N/A",N/A,"Not Linked",N/A,2026-01-01,Never
cmjuqn4j4005pm9kobwvxk9f1,,unclaimed,,"N/A",N/A,"Not Linked",N/A,2026-01-01,Never
cmjuqn4j0005om9kolm3y573e,,unclaimed,,"N/A",N/A,"Not Linked",N/A,2026-01-01,Never
cmjuqn4iw005nm9kos0fjobsz,,unclaimed,,"N/A",N/A,"Not Linked",N/A,2026-01-01,Never
cmjuqn4ir005mm9ko7ibpf5z9,,unclaimed,,"N/A",N/A,"Not Linked",N/A,2026-01-01,Never
cmjuqn4in005lm9koqr64o3p4,,unclaimed,,"N/A",N/A,"Not Linked",N/A,2026-01-01,Never
cmjuqn4ij005km9kotjjdywxx,,unclaimed,,"N/A",N/A,"Not Linked",N/A,2026-01-01,Never
cmjuqn4if005jm9ko5fvg6edf,,unclaimed,,"N/A",N/A,"Not Linked",N/A,2026-01-01,Never
cmjuqn4ib005im9kol5nenppx,,unclaimed,,"N/A",N/A,"Not Linked",N/A,2026-01-01,Never
cmjuqn4i7005hm9kopqz2hujh,,unclaimed,,"N/A",N/A,"Not Linked",N/A,2026-01-01,Never
cmjuqn4i3005gm9kok24mw20h,,unclaimed,,"N/A",N/A,"Not Linked",N/A,2026-01-01,Never
cmjuqn4i0005fm9ko500c6cxl,,unclaimed,,"N/A",N/A,"Not Linked",N/A,2026-01-01,Never
cmjuqn4hw005em9koy9d901s0,,unclaimed,,"N/A",N/A,"Not Linked",N/A,2026-01-01,Never
cmjuqn4hs005dm9ko9pvwe1lx,,unclaimed,,"N/A",N/A,"Not Linked",N/A,2026-01-01,Never
cmjuqn4ho005cm9ko30v29cyq,,unclaimed,,"N/A",N/A,"Not Linked",N/A,2026-01-01,Never
cmjuqn4hk005bm9koa1be0sjb,,unclaimed,,"N/A",N/A,"Not Linked",N/A,2026-01-01,Never
cmjuqn4hf005am9kown0jc25u,,unclaimed,,"N/A",N/A,"Not Linked",N/A,2026-01-01,Never
cmjuqn4hc0059m9ko8un2z0y3,,unclaimed,,"N/A",N/A,"Not Linked",N/A,2026-01-01,Never
cmjuqn4h80058m9koy22p4pr8,,unclaimed,,"N/A",N/A,"Not Linked",N/A,2026-01-01,Never
cmjuqn4h40057m9koakelttzq,,unclaimed,,"N/A",N/A,"Not Linked",N/A,2026-01-01,Never
cmjuqn4gz0056m9kowmcg44bb,,unclaimed,,"N/A",N/A,"Not Linked",N/A,2026-01-01,Never
cmjuqn4gv0055m9kondbles22,,unclaimed,,"N/A",N/A,"Not Linked",N/A,2026-01-01,Never
cmjuqn4gs0054m9ko0iif943h,,unclaimed,,"N/A",N/A,"Not Linked",N/A,2026-01-01,Never
cmjuqn4go0053m9kom4t5wace,,unclaimed,,"N/A",N/A,"Not Linked",N/A,2026-01-01,Never
cmjuqn4gk0052m9kor04o2af2,,unclaimed,,"N/A",N/A,"Not Linked",N/A,2026-01-01,Never
cmjuqn4gg0051m9kog4tbjrzr,,unclaimed,,"N/A",N/A,"Not Linked",N/A,2026-01-01,Never
cmjuqn4gc0050m9koc7a4zpoc,,unclaimed,,"N/A",N/A,"Not Linked",N/A,2026-01-01,Never
cmjuqn4g8004zm9koza9zgodd,,unclaimed,,"N/A",N/A,"Not Linked",N/A,2026-01-01,Never
cmjuqn4g4004ym9kotskrebit,,unclaimed,,"N/A",N/A,"Not Linked",N/A,2026-01-01,Never
cmjuqn4g0004xm9koop3770qm,,unclaimed,,"N/A",N/A,"Not Linked",N/A,2026-01-01,Never
cmjuqn4fw004wm9kolvfb116x,,unclaimed,,"N/A",N/A,"Not Linked",N/A,2026-01-01,Never
cmjuqn4fs004vm9koqtg3voak,,unclaimed,,"N/A",N/A,"Not Linked",N/A,2026-01-01,Never
cmjuqn4fo004um9ko1k1gvwo0,,unclaimed,,"N/A",N/A,"Not Linked",N/A,2026-01-01,Never
cmjuqn4fk004tm9kom29ph64y,,unclaimed,,"N/A",N/A,"Not Linked",N/A,2026-01-01,Never
cmjuqn4fh004sm9ko1o24s2ti,,unclaimed,,"N/A",N/A,"Not Linked",N/A,2026-01-01,Never
cmjuqn4fd004rm9korpok5ved,,unclaimed,,"N/A",N/A,"Not Linked",N/A,2026-01-01,Never
cmjuqn4f9004qm9ko61u11zet,,unclaimed,,"N/A",N/A,"Not Linked",N/A,2026-01-01,Never
cmjuqn4f4004pm9ko8sy63oaj,,unclaimed,,"N/A",N/A,"Not Linked",N/A,2026-01-01,Never
cmjuqn4f0004om9koz7hm4c8d,,unclaimed,,"N/A",N/A,"Not Linked",N/A,2026-01-01,Never
cmjuqn4ew004nm9koloe77vdn,,unclaimed,,"N/A",N/A,"Not Linked",N/A,2026-01-01,Never
cmjuqn4es004mm9koq4wk887a,,unclaimed,,"N/A",N/A,"Not Linked",N/A,2026-01-01,Never
cmjuqn4eo004lm9koqacahstc,,unclaimed,,"N/A",N/A,"Not Linked",N/A,2026-01-01,Never
cmjuqn4ek004km9koyqj2uqwq,,unclaimed,,"N/A",N/A,"Not Linked",N/A,2026-01-01,Never
cmjuqn4eh004jm9koaexbz5mw,,unclaimed,,"N/A",N/A,"Not Linked",N/A,2026-01-01,Never
cmjuqn4ed004im9koe48w7d79,,unclaimed,,"N/A",N/A,"Not Linked",N/A,2026-01-01,Never
cmjuqn4e9004hm9kom9yeuo5j,,unclaimed,,"N/A",N/A,"Not Linked",N/A,2026-01-01,Never
cmjuqn4e5004gm9kosh3noy3c,,unclaimed,,"N/A",N/A,"Not Linked",N/A,2026-01-01,Never
cmjuqn4e0004fm9kolyanp4z4,,unclaimed,,"N/A",N/A,"Not Linked",N/A,2026-01-01,Never
cmjuqn4dw004em9koh32xgqpo,,unclaimed,,"N/A",N/A,"Not Linked",N/A,2026-01-01,Never
cmjuqn4ds004dm9kopzhw4zc4,,unclaimed,,"N/A",N/A,"Not Linked",N/A,2026-01-01,Never
cmjuqn4do004cm9koevi3x1c4,,unclaimed,,"N/A",N/A,"Not Linked",N/A,2026-01-01,Never
cmjuqn4dk004bm9koeft1nkxj,,unclaimed,,"N/A",N/A,"Not Linked",N/A,2026-01-01,Never
cmjuqn4dg004am9koejai5jug,,unclaimed,,"N/A",N/A,"Not Linked",N/A,2026-01-01,Never
cmjuqn4dc0049m9ko5hzbwawf,,unclaimed,,"N/A",N/A,"Not Linked",N/A,2026-01-01,Never
cmjuqn4d80048m9koy7dxofp9,,unclaimed,,"N/A",N/A,"Not Linked",N/A,2026-01-01,Never
cmjuqn4d40047m9koomh205sq,,unclaimed,,"N/A",N/A,"Not Linked",N/A,2026-01-01,Never
cmjuqn4d00046m9koy2kf1gae,,unclaimed,,"N/A",N/A,"Not Linked",N/A,2026-01-01,Never
cmjuqn4cw0045m9kofzp2hjgb,,unclaimed,,"N/A",N/A,"Not Linked",N/A,2026-01-01,Never
cmjuqn4ct0044m9koxmqc7b6s,,unclaimed,,"N/A",N/A,"Not Linked",N/A,2026-01-01,Never
cmjuqn4cp0043m9koi1whkg01,,unclaimed,,"N/A",N/A,"Not Linked",N/A,2026-01-01,Never
cmjuqn4cl0042m9kopp81bmfo,,unclaimed,,"N/A",N/A,"Not Linked",N/A,2026-01-01,Never
cmjuqn4ci0041m9kok7e2c61m,,unclaimed,,"N/A",N/A,"Not Linked",N/A,2026-01-01,Never
cmjuqn4ce0040m9ko9jhxalqu,,unclaimed,,"N/A",N/A,"Not Linked",N/A,2026-01-01,Never
cmjuqn4ca003zm9ko00namqgs,,unclaimed,,"N/A",N/A,"Not Linked",N/A,2026-01-01,Never
cmjuqn4c5003ym9kob8ketxil,,unclaimed,,"N/A",N/A,"Not Linked",N/A,2026-01-01,Never
cmjuqn4c0003xm9ko3kbm6n2m,,unclaimed,,"N/A",N/A,"Not Linked",N/A,2026-01-01,Never
cmjuqn4bw003wm9ko7c1w9xel,,unclaimed,,"N/A",N/A,"Not Linked",N/A,2026-01-01,Never
cmjuqn4bs003vm9kojdx6672a,,unclaimed,,"N/A",N/A,"Not Linked",N/A,2026-01-01,Never
cmjuqn4bn003um9koopgu4fzn,,unclaimed,,"N/A",N/A,"Not Linked",N/A,2026-01-01,Never
cmjuqn4bj003tm9ko02ah6cer,,unclaimed,,"N/A",N/A,"Not Linked",N/A,2026-01-01,Never
cmjuqn4bf003sm9ko2lp6m3kg,,unclaimed,,"N/A",N/A,"Not Linked",N/A,2026-01-01,Never
cmjuqn4bb003rm9koa0l4c3cg,,unclaimed,,"N/A",N/A,"Not Linked",N/A,2026-01-01,Never
cmjuqn4b6003qm9koq4vgsx0a,,unclaimed,,"N/A",N/A,"Not Linked",N/A,2026-01-01,Never
cmjuqn4b2003pm9ko4dakfx4m,,unclaimed,,"N/A",N/A,"Not Linked",N/A,2026-01-01,Never
cmjuqn4ay003om9kose6hevto,,unclaimed,,"N/A",N/A,"Not Linked",N/A,2026-01-01,Never
cmjuqn4at003nm9ko58hncauk,,unclaimed,,"N/A",N/A,"Not Linked",N/A,2026-01-01,Never
cmjuqn4aq003mm9ko8lbxrvf8,,unclaimed,,"N/A",N/A,"Not Linked",N/A,2026-01-01,Never
cmjuqn4am003lm9kons8nfqsn,,unclaimed,,"N/A",N/A,"Not Linked",N/A,2026-01-01,Never
cmjuqn4ai003km9ko24lcdjfv,,unclaimed,,"N/A",N/A,"Not Linked",N/A,2026-01-01,Never
cmjuqn4ae003jm9kol6u2t2p5,,unclaimed,,"N/A",N/A,"Not Linked",N/A,2026-01-01,Never
cmjuqn4aa003im9kow3qxjgbb,,unclaimed,,"N/A",N/A,"Not Linked",N/A,2026-01-01,Never
cmjuqn4a5003hm9kogmdw2plr,,unclaimed,,"N/A",N/A,"Not Linked",N/A,2026-01-01,Never
cmjuqn4a0003gm9korc38v5ev,,unclaimed,,"N/A",N/A,"Not Linked",N/A,2026-01-01,Never
cmjuqn49x003fm9koy9tuovbf,,unclaimed,,"N/A",N/A,"Not Linked",N/A,2026-01-01,Never
cmjuqn49t003em9ko7t7nqhrd,,unclaimed,,"N/A",N/A,"Not Linked",N/A,2026-01-01,Never
cmjuqn49p003dm9kogzduuj3w,,unclaimed,,"N/A",N/A,"Not Linked",N/A,2026-01-01,Never
cmjuqn49l003cm9ko6ggp44ik,,unclaimed,,"N/A",N/A,"Not Linked",N/A,2026-01-01,Never
cmjuqn49h003bm9kol8p5ygga,,unclaimed,,"N/A",N/A,"Not Linked",N/A,2026-01-01,Never
cmjuqn49d003am9ko7f5e47h7,,unclaimed,,"N/A",N/A,"Not Linked",N/A,2026-01-01,Never
cmjuqn4990039m9kouov25o0p,,unclaimed,,"N/A",N/A,"Not Linked",N/A,2026-01-01,Never
cmjuqn4950038m9kor0j1trty,,unclaimed,,"N/A",N/A,"Not Linked",N/A,2026-01-01,Never
cmjuqn4910037m9koono48830,,unclaimed,,"N/A",N/A,"Not Linked",N/A,2026-01-01,Never
cmjuqn48w0036m9kool49ax0y,,unclaimed,,"N/A",N/A,"Not Linked",N/A,2026-01-01,Never
cmjuqn48s0035m9kojfk4xe5c,,unclaimed,,"N/A",N/A,"Not Linked",N/A,2026-01-01,Never
cmjuqn48o0034m9kobiat2xif,,unclaimed,,"N/A",N/A,"Not Linked",N/A,2026-01-01,Never
cmjuqn48l0033m9koody1989n,,unclaimed,,"N/A",N/A,"Not Linked",N/A,2026-01-01,Never
cmjuqn48g0032m9kosjfvpfs0,,unclaimed,,"N/A",N/A,"Not Linked",N/A,2026-01-01,Never
cmjuqn48d0031m9ko5ohuj8ej,,unclaimed,,"N/A",N/A,"Not Linked",N/A,2026-01-01,Never
cmjuqn4890030m9ko1kihwzkp,,unclaimed,,"N/A",N/A,"Not Linked",N/A,2026-01-01,Never
cmjuqn485002zm9ko54jzls0j,,unclaimed,,"N/A",N/A,"Not Linked",N/A,2026-01-01,Never
cmjuqn480002ym9ko5lkwoy04,,unclaimed,,"N/A",N/A,"Not Linked",N/A,2026-01-01,Never
cmjuqn47x002xm9koetni88v2,,unclaimed,,"N/A",N/A,"Not Linked",N/A,2026-01-01,Never
cmjuqn47t002wm9koawpemyh9,,unclaimed,,"N/A",N/A,"Not Linked",N/A,2026-01-01,Never
cmjuqn47o002vm9kosuaob2cx,,unclaimed,,"N/A",N/A,"Not Linked",N/A,2026-01-01,Never
cmjuqn47k002um9ko0svyuv7n,,unclaimed,,"N/A",N/A,"Not Linked",N/A,2026-01-01,Never
cmjuqn47h002tm9kos5vjsfa4,,unclaimed,,"N/A",N/A,"Not Linked",N/A,2026-01-01,Never
cmjuqn47d002sm9kolls4y3ar,,unclaimed,,"N/A",N/A,"Not Linked",N/A,2026-01-01,Never
cmjuqn479002rm9koqy9fqqab,,unclaimed,,"N/A",N/A,"Not Linked",N/A,2026-01-01,Never
cmjuqn475002qm9ko7jnb0sfj,,unclaimed,,"N/A",N/A,"Not Linked",N/A,2026-01-01,Never
cmjuqn472002pm9kownod62te,,unclaimed,,"N/A",N/A,"Not Linked",N/A,2026-01-01,Never
cmjuqn46y002om9kooooqhbsi,,unclaimed,,"N/A",N/A,"Not Linked",N/A,2026-01-01,Never
cmjuqn46u002nm9ko8zbj96kk,,unclaimed,,"N/A",N/A,"Not Linked",N/A,2026-01-01,Never
cmjuqn46q002mm9ko92wxh53a,,unclaimed,,"N/A",N/A,"Not Linked",N/A,2026-01-01,Never
cmjuqn46m002lm9kov0bc5bay,,unclaimed,,"N/A",N/A,"Not Linked",N/A,2026-01-01,Never
cmjuqn46i002km9koa02rl8yg,,unclaimed,,"N/A",N/A,"Not Linked",N/A,2026-01-01,Never
cmjuqn46e002jm9kox3cs5tjb,,unclaimed,,"N/A",N/A,"Not Linked",N/A,2026-01-01,Never
cmjuqn46a002im9ko3qsb3kzt,,unclaimed,,"N/A",N/A,"Not Linked",N/A,2026-01-01,Never
cmjuqn466002hm9koks95hdch,,unclaimed,,"N/A",N/A,"Not Linked",N/A,2026-01-01,Never
cmjuqn462002gm9koucsn9a58,,unclaimed,,"N/A",N/A,"Not Linked",N/A,2026-01-01,Never
cmjuqn45y002fm9koptnciz2y,,unclaimed,,"N/A",N/A,"Not Linked",N/A,2026-01-01,Never
cmjuqn45t002em9ko3cmxwvdz,,unclaimed,,"N/A",N/A,"Not Linked",N/A,2026-01-01,Never
cmjuqn45p002dm9ko2fparykp,,unclaimed,,"N/A",N/A,"Not Linked",N/A,2026-01-01,Never
cmjuqn45l002cm9ko621a0ssi,,unclaimed,,"N/A",N/A,"Not Linked",N/A,2026-01-01,Never
cmjuqn45h002bm9ko436mzxeb,,unclaimed,,"N/A",N/A,"Not Linked",N/A,2026-01-01,Never
cmjuqn45c002am9kod9j8lq2v,,unclaimed,,"N/A",N/A,"Not Linked",N/A,2026-01-01,Never
cmjuqn4580029m9kogkevyrrs,,unclaimed,,"N/A",N/A,"Not Linked",N/A,2026-01-01,Never
cmjuqn4550028m9ko4t5lj1qe,,unclaimed,,"N/A",N/A,"Not Linked",N/A,2026-01-01,Never
cmjuqn4510027m9kog5ux8u4n,,unclaimed,,"N/A",N/A,"Not Linked",N/A,2026-01-01,Never
cmjuqn44x0026m9kozxa514cv,,unclaimed,,"N/A",N/A,"Not Linked",N/A,2026-01-01,Never
cmjuqn44t0025m9kofej95wbf,,unclaimed,,"N/A",N/A,"Not Linked",N/A,2026-01-01,Never
cmjuqn44q0024m9korka4nlps,,unclaimed,,"N/A",N/A,"Not Linked",N/A,2026-01-01,Never
cmjuqn44m0023m9kofns6r00a,,unclaimed,,"N/A",N/A,"Not Linked",N/A,2026-01-01,Never
cmjuqn44i0022m9kot99tjsry,,unclaimed,,"N/A",N/A,"Not Linked",N/A,2026-01-01,Never
cmjuqn44e0021m9koc0vsfv90,,unclaimed,,"N/A",N/A,"Not Linked",N/A,2026-01-01,Never
cmjuqn44b0020m9kotj7rkasx,,unclaimed,,"N/A",N/A,"Not Linked",N/A,2026-01-01,Never
cmjuqn447001zm9ko5ek9vjgx,,unclaimed,,"N/A",N/A,"Not Linked",N/A,2026-01-01,Never
cmjuqn443001ym9ko0bj2mk6b,,unclaimed,,"N/A",N/A,"Not Linked",N/A,2026-01-01,Never
cmjuqn43z001xm9kovedi9ctz,,unclaimed,,"N/A",N/A,"Not Linked",N/A,2026-01-01,Never
cmjuqn43v001wm9ko0ul9jjf0,,unclaimed,,"N/A",N/A,"Not Linked",N/A,2026-01-01,Never
cmjuqn43r001vm9komyfcsif8,,unclaimed,,"N/A",N/A,"Not Linked",N/A,2026-01-01,Never
cmjuqn43n001um9kokfv5otyj,,unclaimed,,"N/A",N/A,"Not Linked",N/A,2026-01-01,Never
cmjuqn43i001tm9kozvfveuqm,,unclaimed,,"N/A",N/A,"Not Linked",N/A,2026-01-01,Never
cmjuqn43f001sm9kotqrc13xe,,unclaimed,,"N/A",N/A,"Not Linked",N/A,2026-01-01,Never
cmjuqn43b001rm9kofi9vltxx,,unclaimed,,"N/A",N/A,"Not Linked",N/A,2026-01-01,Never
cmjuqn437001qm9koi6y343cs,,unclaimed,,"N/A",N/A,"Not Linked",N/A,2026-01-01,Never
cmjuqn433001pm9ko5z825oc3,,unclaimed,,"N/A",N/A,"Not Linked",N/A,2026-01-01,Never
cmjuqn42z001om9kor2ya4hrv,,unclaimed,,"N/A",N/A,"Not Linked",N/A,2026-01-01,Never
cmjuqn42v001nm9ko2z09bfq6,,unclaimed,,"N/A",N/A,"Not Linked",N/A,2026-01-01,Never
cmjuqn42r001mm9kops11f7l4,,unclaimed,,"N/A",N/A,"Not Linked",N/A,2026-01-01,Never
cmjuqn42m001lm9ko02zmrov7,,unclaimed,,"N/A",N/A,"Not Linked",N/A,2026-01-01,Never
cmjuqn42i001km9kou0v3y0i8,,unclaimed,,"N/A",N/A,"Not Linked",N/A,2026-01-01,Never
cmjuqn42e001jm9ko6ut93ir2,,unclaimed,,"N/A",N/A,"Not Linked",N/A,2026-01-01,Never
cmjuqn42b001im9ko0xnd2ssg,,unclaimed,,"N/A",N/A,"Not Linked",N/A,2026-01-01,Never
cmjuqn427001hm9ko2e6ow8pq,,unclaimed,,"N/A",N/A,"Not Linked",N/A,2026-01-01,Never
cmjuqn423001gm9kou9iz6men,,unclaimed,,"N/A",N/A,"Not Linked",N/A,2026-01-01,Never
cmjuqn41z001fm9koh1s0f1ws,,unclaimed,,"N/A",N/A,"Not Linked",N/A,2026-01-01,Never
cmjuqn41v001em9ko0ce7ux93,,unclaimed,,"Demo Kullanıcısı",demo@nfcplatform.com,"başlık",demo,2026-01-01,Never
cmjuqn41r001dm9kok9bw1feu,,unclaimed,,"N/A",N/A,"Not Linked",N/A,2026-01-01,Never
cmjuqn41n001cm9kod3m4qnht,,unclaimed,,"N/A",N/A,"Not Linked",N/A,2026-01-01,Never
cmjuqn41j001bm9kochbu1z5y,,unclaimed,,"N/A",N/A,"Not Linked",N/A,2026-01-01,Never
cmjuqn41e001am9kowcsgznvb,,unclaimed,,"N/A",N/A,"Not Linked",N/A,2026-01-01,Never
cmjuqn41a0019m9ko87fa9lt6,,unclaimed,,"N/A",N/A,"Not Linked",N/A,2026-01-01,Never
cmjuqn4170018m9ko13uk9y3p,,unclaimed,,"N/A",N/A,"Not Linked",N/A,2026-01-01,Never
cmjuqn4130017m9ko0j7vulgi,,unclaimed,,"N/A",N/A,"Not Linked",N/A,2026-01-01,Never
cmjuqn40y0016m9kot9h5vrr8,,unclaimed,,"N/A",N/A,"Not Linked",N/A,2026-01-01,Never
cmjuqn40u0015m9koi67w2ysu,,unclaimed,,"N/A",N/A,"Not Linked",N/A,2026-01-01,Never
cmjuqn40q0014m9ko8sktdz7a,,unclaimed,,"N/A",N/A,"Not Linked",N/A,2026-01-01,Never
cmjuqn40m0013m9kow3n2fx0x,,unclaimed,,"N/A",N/A,"Not Linked",N/A,2026-01-01,Never
cmjuqn40i0012m9ko19nk22ex,,unclaimed,,"N/A",N/A,"Not Linked",N/A,2026-01-01,Never
cmjuqn40e0011m9ko7artio6h,,unclaimed,,"N/A",N/A,"Not Linked",N/A,2026-01-01,Never
cmjuqn40a0010m9koq7lzimu7,,unclaimed,,"N/A",N/A,"Not Linked",N/A,2026-01-01,Never
cmjuqn407000zm9koi4qssm65,,unclaimed,,"N/A",N/A,"Not Linked",N/A,2026-01-01,Never
cmjuqn403000ym9kogtedh3dh,,unclaimed,,"N/A",N/A,"Not Linked",N/A,2026-01-01,Never
cmjuqn3zz000xm9kob5vj0cea,,unclaimed,,"N/A",N/A,"Not Linked",N/A,2026-01-01,Never
cmjuqn3zu000wm9kofuaesjdt,,unclaimed,,"N/A",N/A,"Not Linked",N/A,2026-01-01,Never
cmjuqn3zq000vm9koyf4bovm6,,unclaimed,,"N/A",N/A,"Not Linked",N/A,2026-01-01,Never
cmjuqn3zm000um9koweqhkfsp,,unclaimed,,"N/A",N/A,"Not Linked",N/A,2026-01-01,Never
cmjuqn3zh000tm9kogkhwjopj,,unclaimed,,"N/A",N/A,"Not Linked",N/A,2026-01-01,Never
cmjuqn3zc000sm9ko0hktsqgl,,unclaimed,,"N/A",N/A,"Not Linked",N/A,2026-01-01,Never
cmjuqn3z8000rm9ko84ydn5t6,,unclaimed,,"N/A",N/A,"Not Linked",N/A,2026-01-01,Never
cmjuqn3z4000qm9kolf2zy930,,unclaimed,,"N/A",N/A,"Not Linked",N/A,2026-01-01,Never
cmjuqn3z0000pm9ko4ozsvli7,,unclaimed,,"N/A",N/A,"Not Linked",N/A,2026-01-01,Never
cmjuqn3yw000om9ko19iwxs7y,,unclaimed,,"N/A",N/A,"Not Linked",N/A,2026-01-01,Never
cmjuqn3ys000nm9koqb7rydej,,unclaimed,,"N/A",N/A,"Not Linked",N/A,2026-01-01,Never
cmjuqn3yo000mm9kogdb0nntv,,unclaimed,,"N/A",N/A,"Not Linked",N/A,2026-01-01,Never
cmjuqn3yk000lm9koxaw0vz5t,,unclaimed,,"N/A",N/A,"Not Linked",N/A,2026-01-01,Never
cmjuqn3yg000km9koz6nmhhz4,,unclaimed,,"N/A",N/A,"Not Linked",N/A,2026-01-01,Never
cmjuqn3yb000jm9koiooq22dk,,unclaimed,,"N/A",N/A,"Not Linked",N/A,2026-01-01,Never
cmjuqn3y7000im9kolv2pyx33,,unclaimed,,"N/A",N/A,"Not Linked",N/A,2026-01-01,Never
cmjuqn3y3000hm9ko6avm305u,,unclaimed,,"N/A",N/A,"Not Linked",N/A,2026-01-01,Never
cmjuqn3xz000gm9koiabvhbbp,,unclaimed,,"N/A",N/A,"Not Linked",N/A,2026-01-01,Never
cmjuqn3xv000fm9koh45qrboq,,unclaimed,,"N/A",N/A,"Not Linked",N/A,2026-01-01,Never
cmjuqn3xr000em9kovhq2azyk,,unclaimed,,"N/A",N/A,"Not Linked",N/A,2026-01-01,Never
cmjuqn3xo000dm9kott892pr9,,unclaimed,,"N/A",N/A,"Not Linked",N/A,2026-01-01,Never
cmjuqn3xj000cm9ko0yovtpir,,unclaimed,,"N/A",N/A,"Not Linked",N/A,2026-01-01,Never
cmjuqn3xf000bm9ko5rkcvrft,,unclaimed,,"N/A",N/A,"Not Linked",N/A,2026-01-01,Never
cmjuqn3xb000am9kob0xxjteq,,unclaimed,,"N/A",N/A,"Not Linked",N/A,2026-01-01,Never
cmjuqn3x70009m9kouf6a59kw,,unclaimed,,"N/A",N/A,"Not Linked",N/A,2026-01-01,Never
cmjuqn3x30008m9kotyobxe4u,,unclaimed,,"N/A",N/A,"Not Linked",N/A,2026-01-01,Never
cmjuqn3wy0007m9koiwnwhwnj,,unclaimed,,"N/A",N/A,"Not Linked",N/A,2026-01-01,Never
cmjuqn3wu0006m9kohscyjkwc,,unclaimed,,"N/A",N/A,"Not Linked",N/A,2026-01-01,Never
cmjuqn3wr0005m9koofybmbvy,,unclaimed,,"N/A",N/A,"Not Linked",N/A,2026-01-01,Never
cmjuqn3wm0004m9koiw2qa2w5,,unclaimed,,"N/A",N/A,"Not Linked",N/A,2026-01-01,Never
cmjuqn3wi0003m9koveo6nkwa,,unclaimed,,"N/A",N/A,"Not Linked",N/A,2026-01-01,Never
cmjuqn3we0002m9koumx81oxv,,unclaimed,,"N/A",N/A,"Not Linked",N/A,2026-01-01,Never
cmjuqn3w90001m9koqvw3r46y,,unclaimed,,"N/A",N/A,"Not Linked",N/A,2026-01-01,Never
cmjuqn3w20000m9kokfaltlb6,,unclaimed,,"N/A",N/A,"Not Linked",N/A,2026-01-01,Never
cmjtbxp2w001qm9u01ggnn16q,,unclaimed,,"Demo Kullanıcısı",demo@nfcplatform.com,"Not Linked",N/A,2025-12-31,Never
cmjtbxp280011m9u0fq1r4oyr,,unclaimed,,"Demo Kullanıcısı",demo@nfcplatform.com,"Pati Kartı (Boncuk)",deneme,2025-12-31,Never
cmjtbxp1z000tm9u0pfos48h3,,unclaimed,,"Demo Kullanıcısı",demo@nfcplatform.com,"Not Linked",N/A,2025-12-31,Never
cmjtbqqcg0015m96g1qd28rqc,,unclaimed,,"Demo Kullanıcısı",demo@nfcplatform.com,"Not Linked",N/A,2025-12-31,Never
cmjtbqqc7000zm96gx0anpz9p,,unclaimed,,"Demo Kullanıcısı",demo@nfcplatform.com,"Not Linked",N/A,2025-12-31,Never
cmjtbqqby000tm96gxwbd6pid,,unclaimed,,"Demo Kullanıcısı",demo@nfcplatform.com,"Not Linked",N/A,2025-12-31,Never
cmjtbqqbn000lm96gcd6cj0do,,unclaimed,,"Demo Kullanıcısı",demo@nfcplatform.com,"Not Linked",N/A,2025-12-31,Never
cmjtbqqb9000cm96gechmg3m0,,unclaimed,,"Demo Kullanıcısı",demo@nfcplatform.com,"Acil Durum & Sağlık",N/A,2025-12-31,Never
cmjtbmlaf0002m9a40k2mzvzf,,unclaimed,,"Demo Kullanıcısı",demo@nfcplatform.com,"Kişisel Profilim",oldumusimdi,2025-12-31,Never
cmjtaws59001hm9iohsnyrybs,,unclaimed,,"Test User",test2@example.com,"Not Linked",N/A,2025-12-31,Never
cmjoum14z0008m9hwdn4wznni,,unclaimed,,"Beytullah Çiçek",test4@example.com,"Not Linked",N/A,2025-12-27,Never